time,big_reservoir.inflow
0,50
1,88.33333333333333
2,126.66666666666666
3,165
4,203.33333333333333
5,241.66666666666666
6,280
7,318.33333333333333
8,356.66666666666666
9,395
10,433.3333333333333